FMC-CTC - FMC Central Engineering Laboratories, US
KVH KVH Co.,Ltd, JP
DSLAK-AS-AP Internet access for Datacom Systems Auckland, NZ
LGA-AS-SG-AP LGA International, SG
CNM-AS-KR DLIVE, KR
RIS-AS-AP B.L NANKIVELL & R.G NANKIVELL T/A RBE INTERNET SERVICES, AU
FLOWCOM Flow Communications 2/541 Kent St Sydney NSW 2000, AU
SIMPUR-BN Simpur ISP, BN
SSMB-AS-AP Salomon Smith Barney Australia Pty Ltd, AU
CKTELECOM-CK-AP Telecom Cook Islands, CK
EXETEL-AS-AP Exetel Pty Ltd, AU
SECUREIP-AP SecureIP, AU
TENNET-AU-AP Optus Customer Network, AU
NEC-MELB-DC-AS-AP NEC Australia Pty Ltd, AU
NETSMART-AP Web hosting provider and ISP connectivity., NZ
DATACOMWA-AS-AP Datacom MetroIX, AU
INTERVOLVE-ADELAIDE-AS-AP Interhost Pacific Pty Ltd t/a Intervolve., AU
WORKCOVER-AS-AP Workcover Corporation, AU
HEWLETT-PACKARD Multi-homed connections to multiple ISP_s providing, AU
ETL-IX-AS-AP Enterprise of Telecommunications Lao, LA
SUANDUSIT Institute Rajabhat Suandusit, TH
ZURICH-AUSTRALIA-AS-AP Zurich Financial Services Australia, AU
MOTLEYFOOL - The Motley Fool, Inc., US
USINTERNET - US Internet Corp, US
SINISTER - Sinister Networks, US
SENECACOLLEGE-AS - Seneca College of Applied Arts and Technology, CA
MEGANET-TCIX - Meganet Communications, US
NWU-AS - Northwestern University, US
YAHOO-1 - Yahoo!, US
ISPN - Internet Services Provider Network, US
WCTC - Solarus, US
UBIK DO BRASIL SOL TECNOLOGIA LTDA., BR
METRO2000 - Fibercast Corporation, US
CIA. DE TECNOL. DA INFOR. E COMUNICAÇÃO DO PARANÁ, BR
Fundação de Desenvolvimento da Pesquisa, BR
TTUNET - Texas Tech University, US
SPARTAN-NET - Spartan-Net, US
EDGENETWORKS - Edge IT, LLC, US
CNIWEB - CREATIVE NETWORK INNOVATIONS, INC., US
TEAMTECH - Team Technologies, LLC, US
RA-N002 - Rack Alley LLC, US
AAI - Accurate Automation, Inc., US
COUNTRY-INSURANCE - CC Services, Inc, US
WESTERNU-POMONA - WESTERN UNIVERSITY OF HEALTH SCIENCES, US
BRANDEIS - Brandeis University, US
HYPNO-NTT - NTT Software, CA
FIBERPIPE - Fiberpipe Inc., US
MAUSWERKS - Mauswerks, LLC., US
TDL - The Diamond Lane, US
SION S.A, AR
COMPANHIA DE TECNOLOGIA DA INFORMAÇÃO ESTADO MG, BR
TRENDS-NET - @trends.ca, CA
ASA5COM - A5.COM, US
ISM AUTOMACAO S.A., BR
FVI-CHI - Fox Valley Internet, Inc., US
NETSCOUT - NETSCOUT SYSTEMS INC., US
INL-AS - Idaho National Laboratory, US
Microlink Telecom (LNCC), BR
Universidade Federal de Santa Catarina, BR
SCHOLASTIC - Scholastic Inc., US
DC MATRIX INTERNET S/A, BR
ARIN-ASH-CHA - ARIN Operations, US
EPIC-HOSTING - Epic Hosting, LLC, US
DARTMOUTH-AS - Dartmouth College, US
BANKAMERICA - Bank of America, US
SBICSA, ZA
NCIA - North Country Internet Access, US
PIONEERINTERNET - The Pioneer Telephone Association, Inc., US
VISIONARY - Visionary Communications, Inc., US
UHC - Unitedhealthcare, US
YAHOO-AN2 - Yahoo, US
FUNPAR - Fundacao da UFPR para o DCTC, BR
CLARITYCONNECT - Clarity Connect Inc, US
COMSPANUSA - Comspan Communications Inc., US
Camara dos Deputados, BR
CISCOSYSTEMS - Cisco Systems, Inc., US
Núcleo de Inf. e Coord. do Ponto BR - NIC., BR
FONALITY - Fonality, Inc., US
WERCS-NET - Mountain West Technologies Corporation, US
SERVICO FEDERAL DE PROCESSAMENTO DE DADOS - SERPRO, BR
ROYELLCOMM-AS - Royell Communications, Inc., US
MRNET - MRNet, CA
CASSCOMM - Cass Cable TV, Inc., US
STAFFORD - Stafford Communications, Inc., CA
Desarrollos Digitales de Pulsar Consulting, AR
WEYERHAEUSER - Weyerhaeuser Company, US
AERIONET-INC - Aerioconnect, US
CSN - CSN Support Services, US
QNET-ASN - Quantum Networking Solutions, Inc., US
ORBIS-INVESTMENTS - Orbis Investments (Canada) Limited, CA
SALISH-NETWORKS - Salish Networks, Inc., US
GWU - The George Washington University, US
LITTLE-APPLE - Little Apple Technologies, US
LIVEPERSON - LivePerson, Inc., US
CNFNET - Con-way, Inc., US
PTSINET - Panhandle Telecommunications Systems, INC., US
COMMUNITY-COMPUTER-SERVICE-INC - COMMUNITY COMPUTER SERVICE INC, US
PITNEYBOWES-AS-1 - Pitney Bowes Incorporated, US
ICONNECT - iConnect, US
MTAONLINE-AS - Matanuska Telephone Association, Inc., US
EMPRESA BRASILEIRA DE PESQUISA AGROPECUARIA, BR
SFU-AS - Simon Fraser University, CA
WOLFRAM-AS - Wolfram Research, Inc., US
STATE-OF-ALABAMA-ISD - State of Alabama, Information Services Division, US
WINTEK-CORP - Wintek Corporation, US
ONLINE-TECH-LLC - Online Tech, LLC, US
NETSAT-AS - Globecomm Network Services Corporation, US
BEK-COMMUNICATIONS-INTERENET-ROUTER - BEK Communications Cooperative, US
PRECISION-DATA-SOLUTIONS - Precision Data Solutions, LLC, US
LN-CHILDRENSHOSPITAL-ASN - Los Nettos, US
AS-ATHEN-1 - Athenahealth, US
ACCESSPLUS-COMMUNICATIONS - AccessPlus Communications, Inc., US
ARYAKA-ARIN - Aryaka Networks, Inc., US
VAXXINE - Vaxxine Computer Systems Inc., CA
MHTC-NET - Mount Horeb Telephone Co, US
GWS-ARIN-AS - Global Web Solutions, Inc., US
F2W-AS - Fire2Wire, US
COMNET S.A., AR
COHO-ASN - Whiz to Coho, Inc., US
DART-HITCH - Dartmouth-Hitchcock Medical Center, US
ROOTSERV - DNS-OARC, US
CALDSL - CalDSL, US
BOSTONGLOBENET - The Boston Globe, US
HYDUKE1 - Hyduke Energy Services Inc., CA
SKYCOMP-01 - Skycomp Solutions Inc., CA
Universidade Federal de Santa Catarina, BR
TRI-STATE-G-AND-T - Tri-State Generation and Transmission Association Inc., US
SBT-NET - Screamin_ Banshee Technologies, US
UNIVERSITY-LETHBRIDGE - University of Lethbridge, CA
ANGOLATELECOM, AO
VANCIS Vancis Advanced ICT Services, NL
BT Latam Brasil Ltda, BR
SERVERYOU - SERVERYOU INC, US
Núcleo de Inf. e Coord. do Ponto BR - NIC., BR
AS-MSEA - Mitchell Seaforth Cable TV, CA
GLOBECOMM-11300 - Globecomm Services Maryland LLC, US
TRIJITNET-US - TRIJIT CORPORATION, US
RGII - The Rockefeller Group, US
GU - Georgetown University, US
UTWENTE-AS University Twente, NL
SKY SERVIÇOS DE BANDA LARGA LTDA, BR
KPNM-, NL
Red Universitaria Nacional, CL
MST - Missouri University of Science and Technology, US
ASN-ESCXI - Education Service Center Region XI, US
KPN This macro reflects our filtering-policy on, NL
VECTOR - Vector Data Systems LLC, US
AS-MCAD - Minneapolis College of Art and Design, US
ASNOWYR-1 - Nowyr, inc., US
THIEL-AS - Thiel College, US
WILLIAMSCOLLEGE - Williams College, US
SIDN, NL
BEAM-GLOBAL - Jim Beam Brands Co., US
Telium Telecomunicações Ltda, BR
CANERIS - Caneris Inc., CA
NSDATA - Airfire, CA
MCL-AS Medisch Centrum Leeuwarden, NL
WILLITSONLINE - WillitsOnline, LLC, US
TRIVALENT-GROUP-NEW - Trivalent Group Inc., US
CRETE-INTERNET - Crete Carrier Corporation, US
PDM - Parsec Data Management Inc., US
ASN-ESB - Eastern Suffolk BOCES, US
MODUSLINK - ModusLink Corporation, US
SEGNET - SEG Network Technologies, US
EYEMG - EYEMG - interactive media group, US
UNOMAHA-AS - University of Nebraska at Omaha, US
TIU11-ORG - TUSCARORA INTERMEDIATE UNIT, US
EOL-AS1 - EDGAR Online, Inc., US
CGI-REGINA-1 - CGI Group Inc., CA
GOVNET-ASN - Vermont Department of Information and Innovation, US
HIGHWINDS - Highwinds Network Group, Inc., US
PEG-AS-1 - Plains Equipment Group, US
AS-COLLINS - COLLINS COMMUNICATIONS INC, US
OICR-ONTARIO-INSTITUTE-FOR-CANCER-RESEARCHB - Ontario Institute for Cancer Research, CA
IQSOL-AS1 - IQ Solutions, Inc., US
Núcleo de Inf. e Coord. do Ponto BR - NIC., BR
KAISERALUMINUM - Kaiser Aluminum Fabricated Products, L.L.C., US
KUMC - University of Kansas Medical Center, US
MCPS-MECKLENBURG-COUNTY-PUBLIC-SCHOOLS - Mecklenburg County Public Schools, US
DOE-NTS-AS - USDOE, NV Operations Office, US
INTEGRITY - Integrity Networks, US
WIATEL - WESTERN IOWA TELEPHONE ASSOCIATION (A COOPERATIVE), US
Terra Networks Brasil S.A., BR
LINKCITY - City of North Kansas City, MO, US
GBGDC-IP1 - Granite Block Global Data Center, Inc, US
NETWORK NEBRASKA - Network Nebraska, US
IBCP - Independent Bank Corporation, US
CONNECTRIA - Connectria, US
NMSL-6 - Nu-Age Managed Services, LLC, US
MIA-ASN - Mayo Investment Advisers, LLC, US
USNH - University System of New Hampshire, US
Interdotnet Argentina S.A., AR
INSTITUTO CYBER DE ENSINO E PESQUISA, BR
WHIRLPOOL-ASN - Whirlpool Corporation, US
BROOK-LAW - Brooklyn Law School, US
AIRSTREAMCOMM-NET - Airstream Communications, LLC, US
Centro de Informatica e Automacao do Estado de SC, BR
STAFFORDNET - Stafford Associates Computer Specialists, Inc., US
IPE INFORMATICA LTDA, BR
FLOCORPINT1 - Flowers Foods Inc., US
NEWSITE INTERNET LTDA, BR
MAGSNETLLC - MagsNet LLC, US
TMI-CA - The Michener Institute for Applied Health Sciences, CA
PEARSON-NA - NCS Pearson Inc., US
LOLIGO-ASN - Loligo Cache Systems, Inc., US
LINCOLNSHIRE-MANAGEMENT - Lincolnshire Management, Inc., US
ATOM-MI-53-198 - AcenTek, US
BANKOFNEWYORK-AS - The Bank of New York Mellon Corporation, US
UNK-AS - University of Nebraska at Kearney, US
SECRELNET INFORMATICA LTDA, BR
MONTANA-OPTICOM - Montana Opticom, LLC, US
HARTSOFTWARE - Hart Software, Inc., US
COZAD-TELEPHONE-COMPANY - COZAD TELEPHONE COMPANY, US
NOAA-NWN - NOAA / PMEL, US
MIDRIVERS - Mid-Rivers Telephone Cooperative, US
FIDN - Fidelity Communication International Inc., US
SHWISP - Sandhills Wireless, LLC, US
AS-PNN-NET - Point North Networks, Inc., US
RAYASN - Raytheon Company, US
ASN-ACN - Advanced Corporate Network, US
ASN-ANW - Adams NetWorks, Inc., US
SUNYNET-ASN-AS - State University of New York, Central, US
AS-AFILIAS1 - Afilias Canada, Corp., CA
CLEARBEARING-00 - Clearbearing Inc., US
YUCCA-AS - Yucca Telecom, US
-Reserved AS-, ZZ
AHL-ASN - Aquiline Holdings, LLC, US
CCSINET-1 - Contemporary Computer Services Inc., US
ITSC - County of Saginaw, US
NWN-CORPORATION - NWN Corporation, US
CITY-OF-PORTLAND-OR-USA - City of Portland, US
DEALER-COM - Dealer Dot Com Inc., US
HICKORYTECH - HickoryTech Corporation, US
123NET - 123.Net, Inc., US
LISCO - LISCO, US
Prointernet do Brasil Ltda, BR
Núcleo de Inf. e Coord. do Ponto BR - NIC., BR
Lanis Ltda, BR
CLEMSONU - Clemson University, US
ECM-ASN - Element Capital Management LLC, US
DAO - dao Consulting, LLC, US
IBM-BRS-SERVICE - IBM Business Recovery Service, US
FORRESTER-RESEARCH - Forrester Research, US
AS12189 - PhoenixNAP LLC, US
ASTORIA-FEDERAL-SL - ASTORIA BANK, US
SCN-NET - SCN Research, Inc., US
SCSD - Sachem Central School District, US
OCNL-AS12211 - Operations & Compliance Network LLC, US
RC-01-AS - Ravand Cybertech Inc., CA
RAPIDDSL--WIRELESS - RapidDSL & Wireless, US
AKAMAI - Akamai Technologies, Inc., US
CONWAYCORP - Conway Corporation, US
WATER-STREET-SOLUTIONS - Water Street Solutions, Inc., US
NCSA-AS - National Center for Supercomputing Applications, US
NCTCNET-AS1 - Nebraska Central Telephone Company, US
META-SOLUTIONS - Tri-Rivers Educational Computer Association, US
LEONCOUNTYFL - Leon County Board of County Commisioners, US
DEKALB - DTC Communications, Inc., US
R2G-1 - R2G Services LLC, US
SRN-HOSTING - StoreRunner, Inc., US
SFMIX-MGMT - San Francisco Metropolitan Internet Exchange (SFMIX), US
EXONETRIC, GB
TLL-WEST - Zito Media, US
FUNDAÇÃO DE AMPARO À PESQUISA DO ESTADO SÃO PAULO, BR
FASTNETUK, GB
UNMC-AS - University of Nebraska Medical Center, US
, GB
IXN-AS, NL
ITSELF Network and internet service provider., CZ
SMARTCOM, BG
TICINOCOM, CH
TELEMACH Ljubljana, Slovenia, SI
RIPE-NCC-RIS-AS Reseaux IP Europeens Network Coordination Centre (RIPE NCC), NL
NEMI-AS, UA
SES-LUX-AS, LU
JPL-AS127 - Jet Propulsion Laboratory, US
SC-VEKTOR-AS, UA
VXCHNGE-AS - vXchnge Operating, LLC, US
GEON ISP GEON, UA
LMT-NET Riga, Latvia, LV
NL-CONCEPTS, NL
IDKOM IDKOM Networks GmbH, DE
GAMEPOINT Gamepoint autonomous system, NL
IE-VNET-AS, RO
UKRSPETSCOM, UA
HWNG, NL
DOMENESHOP Oslo, Norway, NO
SOX, RS
WEBBER, UA
AS13032, UA
ASN-TELEMAR, IT
CAT-IDC-4BYTENET-AS-AP CAT TELECOM Public Company Ltd,CAT, TH
GSS-AS-AP GOLD SUNSHINE INTERNATIONAL LIMITED, HK
APNICTRAINING-DC ASN for APNICTRAINING LAB DC, AU
GTEL-AS-VN Global Telecom Corp, VN
TRUEINTERNET-AS-AP Internet Service Provider in Thailand, TH
VIVID-GLOBAL-NZ-AP Vivid Solutions, ISP, Auckland, NZ
CMSIT-AS-AP CMS INFORMATION TECHNOLOGY PTY LIMITED, AU
SIM-SG-AS-AP SIM Headquarters, SG
ENABLENET-AS-AP Enable Networks, NZ
NEXEON-AS-AP Nexeon Technologies, Inc., US
GRAVITY-AS-AP Gravity Internet Ltd, NZ
CKSW-AS-AP CLICKSOFTWARE AUSTRALIA PTY LTD, AU
IHPL-AS-AP Interact Hosting Pty Ltd, AU
PBRU-AS-AP Petchaburi Rajabhat University, TH
GENWORXPTELTD-AS-AP Genworx Pte Ltd, SG
FWDL-AS-AP PT. FWD Life Indonesia, ID
LRU-AS-AP LOEI university network ,LOEI, Thailand, TH
IDC-CSLOXINFO-AS-TH CS LOXINFO, Internet Data Center Service, TH
NORTHPOWER-AS-AP Northpower Ltd, NZ
SRU-AS-AP Suratthani ratjabhat university, Thailand, TH
SMS-UK-NET, GB
PTGL-AS-AP Planet Technology Group Ltd, AU
CYPRESSTEL-HK Cypresstel Global Network, HK
BLUEBERRYTEL-SG No. 400, Orchard Road, 
BILMARKPTYLTD-AS-AP Bilmark Pty Ltd, AU
LANWORXLIMITED-AS-AP LANWorx Limited, NZ
TOT-LLI-AS-AP TOT Public Company Limited, TH
FCCDCI-NET-PH 4/F Podium RCBC Plaza Tower I, PH
PLT-NET-MY CX2 Computer Exchange, MY
TAYLOR-AS-AP TAYLOR CONSTRUCTION GROUP PTY LTD, AU
SLNET-AU Slnet Hosting, AU
BDKTEL-KH BDKTel Co., Ltd., KH
DIGINET-AS-VN Digital telecomminication service joint stock, VN
NITECO-AS-VN Niteco, VN
HTS-AS-VN Vietnam HTS., JSC, VN
INTERCOM-AS-VN Intercom Telecom., JSC, VN
AIS3G-2100-AS-AP Advance Wireless Network, TH
POP-IDC-TH POPIDC powered by CSLoxinfo, TH
ONSITECOMPUTERS-AU 22 Stirling St, AU
ASIASOFTNET-TH 9 UM Tower, TH
LANDGATE-AS-AP Landgate Western Australian Land Information System Office, AU
VISION6-AS-AP Vision 6 Pty Ltd, AU
FUSIONBB-AU 10/50 Market St, AU
INNOVATIONSDIRECT-AS-AP Innovations Direct Pty Ltd, AU
INPEX-NET-AS-AP INPEX Australia, AU
QUAPEPTELTD-AS-AP QUAPE PTE LTD, SG
UNIVERSALCONNECTIONSTECHNOLOGIES-AS-AP Universal Connections Technologies (M) Sdn. Bhd., MY
, NL
IDNIC-QEON-AS-ID PT Qeon Interactive, ID
SI-AS-ID PT Samudera Indonesia Tbk., ID
ORANGE-ISP-AS-ID PT Global Teknologi Teraindo, ID
IDNIC-DINHUBKOMINFO-JATENG-AS-ID DINHUBKOMINFO PEMPROV. JAWA TENGAH, ID
IDNIC-DISHUBKOMINFO-TEGAL-AS-ID Dishubkominfo Kota Tegal, ID
IDNIC-UINJKT-AS-ID Universitas Islam Negeri Syarif Hidayatullah Jakarta, ID
SMARTMEDIA-AS-ID PT Smart Media Pratama, ID
PERMANA-AS-ID PT. Medianusa Permana, ID
IDNIC-AXARVA-AS-ID PT Axarva Media Teknologi, ID
NINGNET-AS-ID PT. Bali Ning, ID
IDNIC-WDS-AS-ID PT. Web Data Solusindo, ID
IDNIC-JALANET-AS-ID PT. Jupiter Jala Arta, ID
IDNIC-LAPAN-AS-ID Lembaga Penerbangan dan Antariksa Nasional (LAPAN), ID
IDNIC-INDOMARET-AS-ID PT. Indomarco Prismatama, ID
IDNIC-SDPPI-SPEKTRUM-AS-ID Sumber Daya Dan Perangkat Pos Dan Informatika SIMS, ID
SWITCHLINK-AS-AP SWITCHLINK PTY LTD, AU
TRIOLAN, UA
TMAUS1-NET-AS-AP Ticketmaster Australasia, AU
LATERAL-PLAINS-AS-AP Lateral Plains Pty Ltd, AU
EASYBUY-AS-AP True Internet Co., Ltd., TH
ICS-AS-AP True Internet assigned for ICS, TH
ITONCLOUD-AU ITonCloud, AU
EVENTZERO-AS-AP Event Zero, AU
NINEWIRE-AS-AP NineWire Pty Ltd, AU
KALIBOCABLE-PH Veterans Avenue Kalibo, Aklan, PH
HDC-AS-AP Hastings District Council, NZ
VES-AS-AP VEOLIA ENVIRONMENTAL SERVICES (AUSTRALIA) PTY LTD, AU
TAYLORCOMMUNICATIONS-AS-AP Taylor Communications Ltd, NZ
UUM-MY-AS-AP Computer Center, MY
HCAPL-AS-AP HEALTHE CARE AUSTRALIA PTY LTD, AU
AZURIXPTYLTD-AS-AP Azurix Pty Ltd, AU
REALMOVE-AS-AP Realmove Company Limited, TH
KITTI-AS-AP KITTI BOONMEE, TH
INTERVOLVE-CANBERRA-AS-AP INTERVOLVE, AU
INTERVOLVE-BRISBANE-AS-AP Interhost Pacific Pty Ltd t/a Intervolve., AU
INTERVOLVE-SYDNEY-AS-AP Interhost Pacific Pty Ltd t/a Intervolve, AU
FMGL-AU Fortescue Metals Group Ltd, AU
KSOL-AS-AP Kritikos Solutions Pty Ltd, AU
LINZ-AS-AP Land Information New Zealand, NZ
NINENETWORKS-KH SATURN HOLDINGS LIMITED, KH
MSN-AS-AP Myanmar Speed Net Co.,Ltd, MM
CLOUDPOWER-AS Cloudpower Solutions, TH
BIGBANDNET-MY Bigband Sdn Bhd, MY
MOINET-AS-AP Ministry of Interior, TH
JOHLAN-AS-AP Johlan Networks, AU
CLOUDPEOPLE-SYD-AS-AP Cloud People Pty Ltd, AU
BREMMAR-AS-AP Bremmar Communications Pty Ltd, AU
DCTWO-AS-AP DC Two Pty Ltd, AU
HTI-AS-AP HORIZON TELECOM INTERNATIONAL COMPANY LIMITED, MM
LAYERX-AS-AP LAYERX CLOUD LIMITED, NZ
QUADRANTENERGY-AS-AP Quadrant Energy Australia Limited, AU
CONNECT-AS-AP Connect Communications, PK
FPO-AS-AP Fiscal Policy Office, TH
SKALI-MY SKALI, MY
GLOBE-MOBILE-5TH-GEN-AS Globe Telecom Inc., PH
LHBANK-AS-AP Land and Houses Bank Public Company Limited, TH
TENCENT-NET-AP-CN Tencent Building, Kejizhongyi Avenue, CN
YARRACITYCOUNCIL-AS-AP YARRA CITY COUNCIL, AU
YEWTREE-PH 20/F Tower II, RCBC Plaza, PH
HOSTEDCONTINUITY-AS-AP Hosted Continuity Pty Ltd, AU
VANGOV-AS-AP Vanuatu Government, VU
HEARING-AS-AP Australian Hearing Services T/A Australian Hearing, AU
PLAN-B-AS-AP Plan-b Ltd, NZ
DATAEXPRESS-AU Data Express Pty Ltd, AU
ST-AS-AP ST. LUKE_S MEDICAL CENTER, INC., PH
PNU-AS Princess of Naradhiwas University, TH
PRIMADC-AS-AP PRIMA DC LIMITED, VU
PRIMOWIRELESS-NZ PrimoWireless Ltd, NZ
AREA9-AU Area9 IT Solutions, AU
CALLAGHAN-INNOVATION-AS-AP Callaghan Innovation, NZ
UNISYSLTD-AS-AP UNISYS AUSTRALIA PTY LIMITED, AU
VELOCITYNET-AS-AP Velocity Net Limited, NZ
XTRA-COMMUNICATION-SG 105 Tampines Road 
ADP-AS-AP Automatic Data Processing Limited, AU
SYMPHONY-AP-TH Symphony Communication (Thailand) PCL., TH
RADIO-NEW-ZEALAND-AS-AP Radio New Zealand, NZ
SIXYS-NETPOINT-AS-AP 6Y_S Pty Ltd, AU
DATPIXEL-AS-AP DatPixel Entertainment, Inc., AU
NTG-ICT-AU Northern Territory Government, AU
F1CSB-NET-MY K-7-10, No. 2 Jalan Solaris, Solaris Mon_t Kiara, MY
HILLSONG-AU Hillsong International Ltd, AU
ROCKEND-AS-AP Rockend Technology Pty Ltd, AU
MIKIPRO-AS-AP MikiPro Ltd, NZ
CITRIXSYSTEMS-AS-AP Citrix Systems Asia Pacific Pty Ltd, AU
FUNNELBACK-AS-AP Funnelback Pty Ltd, AU
GM-AP-GMTHAI General Motors Thailand, Rayong, KR
GREENBAY-AS-AP Greenbay Communications Pty Ltd, AU
SUPERPARTNERS-AU Superpartners, AU
POWERNET-AU PowerNET IT Consultants Pty Ltd, AU
CCVC-AS-AP COMMUNITY CABLE VISION CORPORATION, PH
OSF-AS-AP Inde Technology Limited, NZ
SUMMITINTERNET-AS-AP Summit Internet (Australia), AU
MONZTPT-AS-AP Museum of New Zealand Te Papa Tongarewa, NZ
CYBERWORLD-AS CyberWorld Data Center Co.,Ltd., TH
DTPL-AS-AP Discovery Technology Pty Ltd, AU
LLU, LV
ALTEL-MY E-10-08, Block E, MY
KWPL-AS-AP KORE WIRELESS PTY LTD, AU
SOLUTIONONEPTYLTD-AU SolutionOne Pty Ltd, AU
IPS-AS-AP IPS - Keysquare Inc, PH
MODICA-AKL-AS-AP Modica Group, NZ
DPIRD-AS-AP Department of Primary Industries and Regional Development, AU
RFGPL-AS-AP RFGPL, AU
COMPASS-AS-AP Compass Education Pty Ltd, AU
RMUTR-AS-AP Rajamangala University of Technology Rattanakosin, TH
AFTCOMMS-AS-AP AFT Communications Pty Ltd, AU
IDIGS-AS-AP iDigs Internet Pty Ltd, AU
UTHM-AS-AP Universiti Tun Hussein Onn Malaysia, MY
ASPEDIAAUSTRALIA-AS-AP ASPEDIA AUSTRALIA PTY LTD, AU
DAHL-AS-AP DIGIWEB ADVANCED HOSTING LIMITED, NZ
WHCL-AS-AP World Hub Communications (M) Sdn Bhd, MY
W3NETWORKS-AU W3 Networks Pty Ltd, AU
COMMSYSAUSTRALIA-AS-AP The trustee for The CommSys Australia Unit Trust, AU
VIBEGROUPPTYLTD-AS-AP Vibe Group Pty Ltd, AU
HEALTHLINKLIMITED-AS-AP Healthlink Limited, NZ
CLOUDOIPPTYLTD-AS-AP Cloudoip Pty Ltd, AU
ADMU-SALCEDO-AS-AP Ateneo de Manila University, PH
WORLEYPARSONS1-AS-AP WorleyParsons Limited, AU
ORPL-AS-AP OrionVM Retail Pty Ltd, AU
TONGACABLELIMITED-AS-AP Tonga Cable Limited, TO
VICTRACK-AS-AP VICTORIAN RAIL TRACK, AU
GAZAL-AS-AP Gazal Apparel Pty Ltd, AU
CDPL-AS-AP Core Desktop Pty Ltd, AU
NODE1-AS-AP NODE1 Internet, AU
YRLESSLTD-AS-AP Yrless Ltd, NZ
TENCENT-NET-AP-AS Tencent AS num for global network, HK
RAA-AS-AP RAA INSURANCE LIMITED, AU
SEEI-AS-AP Solutions Experts and Enablers Inc., PH
HPES-NZCS-NST New Zealand Cloud Service (NZCS), NZ
SERVERWORKS-AS Hong Kong Serverworks Limited, HK
NICTDA-AS-AP Ministry of Posts and Telecommunication, KH
LAPL-AS-AP Logicalis Australia Pty Ltd, AU
KTBTH-AS-AP KTB General Services Co.,Ltd, TH
TECHEPTYLTD-AS-AP Tech-e Pty Ltd, AU
ICC-AS-AP Ipswich City Council, AU
REALFUTURE-AS-AP Real Future Company Limited, TH
VICTORIAPOLICE-AS-AP POLICE DEPARTMENT (VIC) trading as VICTORIA POLICE, AU
STW1-AS-AP STW Communications Group Ltd, AU
IVAD-AS-AP INFINET VOICE & DATA PTY LTD, AU
CONNEKTNET-AS-AP ConnektNet Pty. Ltd., AU
BITSNET-AS-ID PT BINA INFORMATIKA SOLUSI, ID
IDNIC-PANDI-AS-ID Pengelola Nama Domain Internet Indonesia, ID
ADAUNET-AS-ID PT Adau Putra Network, ID
DATAUTAMA-AS-ID Datautama Dinamika, PT, ID
IDNIC-DPDRI-AS-ID Sekretariat Jenderal Dewan Perwakilan Daerah Republik Indonesia, ID
IDNIC-ID Indonesia Network Information Center, ID
POR-NET Port of Rotterdam network, NL
INDOMEDIANET-AS-ID PT Indonesia Media Komunikasi Masyarakat, ID
IDNIC-UNEJ-AS-ID Universitas Jember, ID
NET1-AS-AP Net Virtue Pty Ltd, AU
ARU-AS-AP Australian Rugby Union Limited, AU
UM-AS-AP University of Malaya, MY
GLOBICOMLIMITED-AS-AP GlobiCom Limited, NZ
USIM-AS-AP Universiti Sains Islam Malaysia, MY
ONESTOP-AS-AP Equnix-, HK
URU-AS Uttaradit Rajabhat University, TH
BMPL-AS-AP Bluestone Mortgages Pty Limited, AU
COVERMOREMORE-AS-AP Cover-More Insurance Services Pty Ltd, AU
BCSGROUPLTD-AKL-PUB DaifukuBCS AKL, NZ
STRATANETWORKSLTD-AS-AP Strata Networks Ltd, NZ
MBIT-KH Maximum Business Information Technology, KH
ENGAGE-AS-AP Engage Pty Ltd, AU
NGPL-AS-AP Netlink Group PTY LTD, AU
COMPUTERCORNERLTD-AS-AP Computer Corner Ltd, NZ
MOBIT-AS-AP MOBILINK IT AS, PK
PIVOTEL-AS-AP Pivotel Group Pty Limited, AU
CLOUDITPTYLTD-AS-AP Cloud IT Pty Ltd, AU
AISPLTIT-AS-AP IP Telco, AU
TELARUSPTYLTD-AS-AP Telarus Pty Ltd, NZ
EWL-AS-AP Evolution Wireless Ltd, NZ
TRINITY-SECURITIES-AS-AP Trinity Securities Co., Ltd., TH
FIDLAPNIC-AS-AP Fidelity Life Assurance Company Limited, NZ
MYTEK-AS-AP GigaDefence Network, AU
NCPL-AS-AP Nevigate Communications (S) Pte Ltd, SG
EZINET-AS-AP EziNET Limited, TO
PAPL-AS-AP Practical Applications Pty Ltd, AU
FLEXIGROUPPTYLTD-AS-AP FlexiGroup Pty Ltd, AU
INTERNOMIC-AS-AP Internomic Pty Ltd, AU
VTELECOMS-AS-AP VTelecoms Global Limited, HK
NSL-AS-AP Neos Systems Limited, NZ
ADMU-AS-AP Ateneo de Manila University, PH
NETSG-AS-AP Network Solutions Group Pty Ltd, AU
CNTC-AS-AP CNTCorp, AU
TGNSB-AS-AP TS Global Network Sdn. Bhd., MY
VAULTSYSTEMS-AS-AP Vault Systems Pty. Ltd., AU
PDSHC-AS PHILIPPINE DEALING SYSTEM HOLDINGS CORP, PH
MEGAPORTPTYLTD-AS-AP Megaport Pty Ltd, AU
RMUTSB-AS Rajamangala University of Technology Suvarnabhumi under UniNet Network, TH
CONEXIM-AS-AC Conexim Global AnyCast Network, AU
UMS-AS-AP Universiti Malaysia Sabah, MY
BOABITPTYLTD-AS-AP BOAB IT PTY LTD, AU
RMU-AS-AP Rajabhat Mahasarakham University, TH
OMNINETLTD-AS-AP OmniNet Ltd, NZ
OHANA-AS-AP Ohana Communications Sdn Bhd, MY
COUNTIESPOWERLTD-AS-AP Counties Power LTD, NZ
IPCORESDNBHD-AS-AP IP Core Sdn Bhd, MY
PCPL-AS-AP Prodigy Communications Pty Ltd, AU
MARKETCREATIONS-AS-AP MARKET CREATIONS, AU
CHORUS-NZ CHORUS NEW ZEALAND LIMITED, NZ
TSIC-AS-AP Thai System Integration Co.,Ltd, TH
INFOTRACKPTYLTD-AS-AP InfoTrack Pty Ltd, AU
HYPERCONNECT-AS-AP Hyperconnect Pty Ltd, AU
FAIRFAXNZ-WELL Fairfax NZ, AU
ABL-AU Adelaide Brighton Limited, AU
UTM-AS-AP Universiti Teknologi Malaysia, MY
COS-AS-AP City of Stirling, AU
NASDAQPTYLTD-AS-AP NASDAQ PTY LTD, AU
ROCKETNETWORKS-AS-AP Rocket Networks Pty Ltd, AU
PPS2-AS-AP PPS MUTUAL INSURANCE PTY LTD, AU
OBEC-AS-AP Office of the basic education commission, TH
SOL1PTYLTD-AS-AP Sol1 Pty Ltd, AU
IPHUBPTYLTD-AS-AP IPHUB Pty Ltd, AU
SAKVTAY-AS-AP Simon and Katharine Vermey Trading As yourITsupport, AU
CAPTIONITPTYLTD-AS-AP Caption It Pty Ltd, AU
CNCNA-AS-AP CNCNA Pty Ltd, AU
ESAL-AS-AP Education Services Australia Limited, AU
STPL-AS-AP Silverain Technology Pty Ltd, AU
ACTEWAGL1-AS-AP ActewAGL Distribution, AU
RECKONLIMITED-AS-AP Reckon Limited, AU
KGITH-AS-AP KGI Securities (Thailand) PLC., TH
ST-AS-AP-LOCAL-PEERING SLMC INFRASTRUCTURE, PH
TELESMARTLIMITED-NZ Telesmart Limited, NZ
GEMONEY1-AS-AP GE Capital Finance Australasia P/L TA GE Money, AU
COMCITY-AS-AP Comcity Technology Pty Ltd, AU
JANET-AP Jisc Collections and Janet Limited, MY
FUSIONNETWORKS-AS-AP Fusion Networks, NZ
COMWIREITPTYLTD-AS-AP Comwire IT Pty Ltd, AU
HPIMRI-AS-AP Harry Perkins Institute of Medical Research Inc, AU
MOTHERSHIP-AS-AP MOTHERSHIP, NZ
DEDAUS-AS-AP Dedicated Servers Australia, AU
DASHNETLIMITED-AS-AP Dashnet Limited, NZ
DCEO-AS-AP Roman Catholic Trust Corp. Diocese of Rockhampton, AU
FNETLINK FNETLINK CO .,LIMITED, HK
ASIAWEALTH-AS-AP Asia Wealth Securities Company Limited, TH
HKKF-AS-AP hongkong kwaifong information service limited, HK
SMET-AS-AP SME Telecommunications Pty Ltd, AU
AXICORP-AS-AP AxiCorp Financial Services Pty Ltd, AU
HNPL-AS-AP Hosted Network Pty. Ltd., AU
NORTONROSEAUSTRALIA-AS-AP Norton Rose Australia Services Pty Ltd, AU
TELLO-AS-AP Tello Services Pty Ltd, AU
ROYHILL-AS-AP Roy Hill, AU
BEMOBILEPNG-AS-AP Bemobile LTD, PG
MHS-AS-AP Medihost Solutions Pty Ltd, AU
M8X8INC-AS-AP 8x8, Inc., US
TRIMBLE-AS-AP Trimble Planning Solutions Pty Ltd, AU
PAPUANOILSEARCH-AS-AP PAPUAN OIL SEARCH LTD, AU
MBIT-AS-AP MBIT Technologies Pty Ltd, AU
PPOT-AS-AP PP Ontime Company Limited, TH
FAHCNSB-AS-AP Fiber At Home City Networks Sdn Bhd, MY
PERTAMINA-AS-ID PT Pertamina (Persero), ID
TMBPYT-AS-AP TMB Bank, Phahonyothin branch., TH
UNIVERISITYMALAYSIAPERLIS-AS-AP University Malaysia Perlis, MY
INHANCED-AS-AP Inhanced Cloud Pty Ltd, AU
INOMIAL-AS-AP Inomial Pty Ltd, AU
OZTELL-AS-AP OZtell, AU
CNS-AS-AP COMPUTER & NETWORK SOLUTIONS LIMITED, NZ
MWH-AU-SYD-00 MWH Sydney POP, NZ
S-I-S - Storm Internet Services, CA
UBB-AS-AP Ultimate Mobile limited, NZ
CHTLC-AS Connections Hub Technology (Shanghai) Ltd. Company, CN
DPL-AS-AP DGTEK PTY LTD, AU
ENTECHNOLOGIES-AS-AP EN Technologies Pte Ltd, SG
GFAPL-AS-AP Gold Fields Australia Pty Ltd, AU
YMA-AS-AP Yamaha Motor Australia, AU
NENL-AS-AP Network Edge NZ Limited, NZ
KFN-001 - Kansas Fiber Network, LLC, US
METAPEER-INC - MetaPeer, US
DATACOM-QLD-AP Datacom QLD Internet ASN, AU
WEBTRAFPTYLTD-AS-AP Ezi-Web, AU
RIN-AS-AP Sabervox, AU
PNPL-AS-AP Platinum Networks Pty Ltd, AU
WASCT-AS-AP Western Australian Sports Centre Trust, AU
FNPL-AS-AP Frontier Networks Pty Ltd, AU
CLOUDEXCHANGE-AS-ID DEWATA TELEMATIKA PT., ID
IDNIC-BLANJADOTCOM-AS-ID PT MetraPlasa, ID
IDNIC-GDN-AS-ID PT Global Digital Niaga, ID
IPC-AS-ID PT Indo Premier Securities, ID
CLOUDFLARENET - Cloudflare, Inc., US
WI-INET - Wisconsin Internet, Inc., US
TODDENERGYLIMITED-AS-AP TODD ENERGY LIMITED, NZ
FORWARDIT-AS-AP ForwardIT, AU
LAZADA-AS-AP LAZADA Co.,Ltd., TH
TBDN-AS-AP THE BUSINESS DOCTOR NSW PTY LTD, AU
GTCL-AS-AP 5BB Broadband, MM
C2ACOMAU-AS-AP C2A.COM., AU
TEAMNETWORK-AS-AP TEAMnetwork Systems Ltd, NZ
MESSAGEMEDIA-AS-AP MESSAGE4U PTY LTD, AU
TELE-AS Tele Asia Limited, HK
HITECH1-AS-AP HI-TECH SOLUTIONS LIMITED, NZ
ORIGINNETPTYLTD-AS-AP Origin Net, AU
FIELD-AU Field Core Networks, AU
UNITEN-AS-AP UNIVERSITI TENAGA NASIONAL SDN BHD, MY
BETCHOICECORPORATIONPTYLTD-AS-AP Global IP and Support Services Limited Partnership, AU
TRANQUILITY - Tranquility Internet Services Inc., US
LICENSYS-AS-AP LicenSys, AU
TANGOTECHNOLOGY-AS-AP Tango Technology, AU
DICKERDATALTD-AS-AP Dicker Data Ltd, AU
CARDGATE-NET-AS-AP CardGate.net Pty Ltd, AU
GLOBALDATA-AS-AP Source Technology Pty Ltd, AU
OPIPL-IN OPTOMA PROJECTORS INDIA PRIVATE LIMITED, IN
REMMAH-AS-AP REMMAH PROPERTIES PTY LTD, AU
SJAWAL-AS-AP St John Ambulance Western Australia Ltd., AU
NET2ONE-AS-AP Net2One Sdn Bhd, MY
CHGPL-AS-AP GigaDefence Korea, HK
MASSIVE-NETWORKS-2 - Rockynet.com, Inc, US
SKYCITY-AS-AP SKYCITY Entertainment Group Limited, AU
CONVERSANTLTD-AS-AP Conversant Ltd, NZ
CENTURION-MEDICAL-PRODUCTS - Centurion Medical Products Corporation, US
INTERGRID-AS-AP Intergrid Group Pty Ltd, AU
SWITCHMEDIA-AS-AP SWITCH TV PTY LTD T/A SWITCH MEDIA, AU
CHAPTECH-AS-AP Chaptech Pty Ltd, AU
AIRNETWORKS-AS-AP AIR NETWORKS WISP ASN, AU
CDNPLUSCOLTD-AS-AP CDN PLUS CO., LTD., TH
LGW-AS-AP Lao Gateway Co., Ltd, LA
QCSGROUP-AS-AP QCS Group, AU
EIAPL-AS-AP Evolve IT Australia, AU
SMARTSPEAK-AS-AP SMARTSPEAK SOLUTIONS PTY LTD, AU
SERVERMULE-AS-AP Nimbus2 Pty Ltd, AU
LHBANK-AS-AP Land and Houses Bank Public Company Limited, TH
INTERNET-AS-AP ASN for .nz Registry Services Content, NZ
BB00NET-AS-AP BB00 Networks, AU
HYPERNODE-AS-AP HYPERNODE PTY. LTD., AU
TTFMGT-AS-AP The trustee for MLK Group Trust, AU
BFG-AS-AP Bell Potter Securities Ltd, AU
RECSPL-AS-AP RDG Electrical & Communications Solutions Pty Ltd, AU
Irati Telecomunicações Ltda., BR
MYREPNZ-AS-AP MYREPUBLIC LIMITED, NZ
HILLSLIMITED-AS-AP Hills Limited, AU
PPS-AS-AP PON Project Services Pty Ltd, AU
EVISIONPTYLTD-AS-AP Evision Pty Ltd, AU
BTL-BD Bright Technologies Limited, BD
VIETTELTIMORLESTE-AS-AP Viettel Timor Leste, TL
TECALA-AS-AP Tecala ICT Pty Limited, AU
BEACHHEADGROUP-AS-AP Beachhead Group Pty. Ltd., AU
PLANETCABLETV-AS-AP Planet Cable Inc., PH
EVOLUTIONSYSTEMS-AS-AP EVOLUTION SYSTEMS PTY LIMITED, AU
APEAGERSLTD-AS-AP A.P.Eagers Ltd, AU
MULTITECHONLINE-BD MultiTech Online, BD
MULTITECHONLINE-BD MultiTech Online, BD
BOSTON - THL Credit Advisors, LLC, US
MCKINSEY-AS-HK McKinsey & Company, HK
MCKINSEY-AS-SG McKinsey & Company, SG
SWARH-AS-AP BARWON HEALTH trading as SOUTH WEST ALLIANCE OF RURAL HEALTH (SWARH), AU
COREDVPTYLTD-AU CoreDV Pty Ltd ts, AU
STOP-AS-AP State Trading Organization Plc, MV
INTERNET-AS-AP Internet, NZ
SOLNODE-AS-AP Solnode Pty Ltd, AU
HOSTPACIFIC-AS-AP Pacific Net Venture Co., Ltd., TH
SCL-AS-AP Satlan Corporation Limited, NZ
OZTELL-AS-AP OZtell, AU
FORESTTH-AS-AP Mr. Naphat, TH
DCWISP-ASN-1 - DC WIRELESS ISP INC, US
BUROSERV-AS-AP Buroserv Australia Pty Ltd, AU
PRIMARY-HEALTHCARE-AS-AP Primary Health Care, AU
PCSB-AS-AP Progresif Cellular Sdn Bhd, BN
AVANTEGROUP-AS-AP AVANTE I.T. PTY LTD, AU
GOMEDS-AS-ID PT. GOMEDS NETWORK, ID
IDNIC-BIZNETGIO-AS-ID PT Biznet Gio Nusantara, ID
IDNIC-FIC-AS-ID PT FANGBIAN ISKAN CORPORINDO, ID
CMET SACI, CL
IDNIC-LCMNETWORKS-ID LCM NETWORKS, ID
IDNIC-ICBC-AS-ID Bank ICBC Indonesia, ID
IDNIC-TNGK-AS-ID Dinas Komunikasi dan Informatika Tangerang Kota, ID
GTAPL-AS-AP GENBAND TELECOMMUNICATIONS AUSTRALIA PTY LTD, AU
CALLAGHAN-INNOVATION-AS-AP Callaghan Innovation, NZ
OPER8-AS-AP Oper8 Pty Ltd, AU
BDL-AS-AP Brand Developers Limited, NZ
CAMPAIGNMONITOR-AS-SY3 CAMPAIGN MONITOR PTY LTD, AU
ESECURE-AS-AP e-secure Pty Ltd, AU
REDCROSS-AS-AP The Thai Red Cross Society, TH
RBSPL-AS-AP Retrac Business Solutions Pty Ltd, AU
PARAGONINTERNETGROUP-AS-AP PARAGON INTERNET GROUP LIMITED, SG
ACNZ-AS-AP Airways Corporation of New Zealand, NZ
CYBERHUB-AS-AP CyberHub Ltd, NZ
UNSC-AS-AP Uniscope Communications PTY LTD, AU
FLIPTVPTYLIMITED-AS-AP FLIP TV PTY LIMITED, AU
SURETRAKGLOBAL-AS-AP SURETRAK GLOBAL PTY LTD, AU
KTCCARD-AS-AP Mr. Danai Chudtong, TH
SIAMEBU-AS-AP Siam E Business Limited Partnership, TH
POWERCO-AS-AP Organization: Powerco NZ Limited, NZ
RMUTP-AS-AP University campus network, Rajamangala University of Technology Phra Nakhon, TH
R18ESC - Region 18 Education Service Center, US
CMYKHUBGLOBAL-AS-AP CMYKhub Global Pty Ltd, AU
HDMP-AS-AP HAMPTON DOWNS GROUP LIMITED, NZ
TWOWINCOLIMITED-AS-AP TWOWIN CO., LIMITED, HK
TESSERENT-AS-AP Tesserent Pty Ltd, AU
CHAPAL Chapal (Pvt.) Limited, PK
USGBORAL-AS-AP USG Boral Building Products Pty Ltd, AU
CERTEGYEZIPAY-AS-AP CERTEGY EZI-PAY PTY LTD, AU
ISG-AS-AP Integrated Solutions Group Queensland Pty Ltd, AU
HOOPLAHOSTING-AS-AP Hoopla Hosting Limited, NZ
TOPTRADER-AS-AP Toptrader Co.,Ltd, TH
SGOPS-AS-AP Special Ops Group Pty Ltd, AU
OWENTIS-AS-AP OWENTIS, SG
CHERNOFFDIAMOND - Chernoff Diamond and Company, US
STARWOOD-HOTELS - Marriott International, Inc., US
MILANINDUSTRIES-AS-AP MILAN INDUSTRIES PTY. LTD., AU
ACTIVENET1-AS-AP ACTIVENET PTY LTD, AU
CGI-AS-AP The Chulabhorn Graduate Institute Campus Network Member of UniNet, TH
UNITI-AS-AP Uniti Wireless Pty Ltd, AU
EA-AU-AP Electronic Arts, Australia, AU
RD-TH-AS-AP The Revenue Department, TH
PROBAX1-AS-PBX PROBAX PTY LTD, AU
M2000CN-AS-AP 2000 Computers & Networks Pty Ltd 103.51.68.0/22, AU
SECUREAX-AS-AP SECUREAX THAILAND, SG
TOXFREE-AS-AP TOX FREE SOLUTIONS LIMITED, AU
RGL-AS-AP RICEGROWERS LIMITED, AU
MUNDIPHARMA-AS-AP Mundipharma IT Services GmbH, SG
PDX - PORTLAND INTERNETWORKS, US
BUILDINGCONNECT-AS-AP Building Connect Pty Ltd, AU
ITMX-AS National ITMX Company Limited, TH
THETREASURY-AS-AP CASS - NZ Central Government, NZ
EXPRESSDATA-AS Express Data Co.,Ltd, TH
MEDIAHUB-AS-AP Mediahub Australia Pty Ltd., AU
UMP-AS-AP University Malaysia Pahang, MY
BECA3-AS-AP Beca Corporate Holdings Limited, NZ
CNPL-AS-AP Cirrus Networks Pty Ltd, AU
VOIZZGLOBAL-AS-AP Voizz Global Sdn Bhd, MY
MEGASPEEDNET-AS Mega Speed Net, BD
WHAKATANE1-AS-AP Whakatane District Council, NZ
CLICKVIEW ClickView Pty. Limited, AU
HARBOURISPPTYLTD-AS-AP Harbour ISP Pty LTD, AU
TWITTER - Twitter Inc., US
PDKPL-AS-AP Professional Data Kinetics Pty Ltd, AU
TEAMWORKTECHNOLOGY-AS-AP TEAMWORK TECHNOLOGY PTY LTD, AU
STC-AS-AP Steamships Ltd, PG
TANGIBLETECHNOLOGY-AS-AP TANGIBLE TECHNOLOGY PTY LTD, AU
MVC-HK MEGA VANTAGE COMMUNICATIONS CO LTD, HK
ELYPSYSPTYLTD-AS-AP Elypsys Pty Ltd, AU
NGTA-AS-AP NSW Government Telecommunications Authority, AU
TOT-IDC-AS-AP Internet Data Center Service, TH
LZDSEA-AS-AP Lazada South East Asia Pte. Ltd., SG
RWN-AS-AP Real World Networks Pty Ltd, AU
BRISKSYSTEMS-AS-AP Md. Shariful Islam T/A BRISK SYSTEMS, BD
DGEWIN-AS-AP Tas Communications Pty Ltd, AU
PROGRESSIT-AS-AP Progress I.T. Pty Ltd, AU
ALPHANETAU-AS-AP Alpha Dot Net Australia Pty Ltd, AU
EWORLD-AS-AP E-WORLD COMMUNICATION SDN BHD, MY
NEBULEX-AS-AP Nebulex Pty Ltd, AU
ASIT-AS-AP Australian Support Pty Ltd, AU
NSAPL-AS-AP Noble Systems Australia Pty Limited, AU
NSPLAJNCT-AS-AP Nano Systems Pty Limited, AU
MATRIXTECHLABS-AS-IN Matrix Tech Labs, IN
SOFTCOM-INTERNET-COMMUNICATIONS - Softcom Internet Communications, Inc., US
MILLENNIUM-AS - Millennium Partners, L.P., US
VOICELOGICPTYLTD-AS-AP Voice Logic Pty Ltd, AU
INSPIRED-AS-AP Inspired Techs Pty Ltd, AU
WIL-AS-AP Wanna Internet Limited, NZ
GIBZTECH-AS-AP GIBSON, ADAM GORDON T/A GIBZTECH, AU
ATOS-AS-AP Atos (Australia) Pty Ltd, AU
ANL-AS-AP Alchemy Networks Limited, NZ
AUSREGISTRY-AS-ANYCAST4 AusRegistry Anycast system, AU
AUSREGISTRY-AS-ANYCAST6 AusRegistry Anycast system, HK
AUSREGISTRY-AS-ANYCAST8 AusRegistry Anycast system, NZ
AUSREGISTRY-AS-ANYCAST10 AusRegistry Anycast system, US
AUSREGISTRY-AS-ANYCAST12 AusRegistry Anycast system, AU
AUSREGISTRY-AS-ANYCAST13 AusRegistry Anycast system, BR
AUSREGISTRY-AS-ANYCAST15 AusRegistry Anycast system, JP
AUSREGISTRY-AS-ANYCAST18 AusRegistry Anycast system, US
HANML-AS Hillside (Australia New Media) Pty Ltd, AU
TELECUBEPTYLTD-AS-AP Telecube Pty Ltd, AU
PAVEITSOLUTIONS-AS-AP PAVE IT SOLUTIONS PTY LTD, AU
GSMNETWORK-AS-AP Orange Communication Dhaka, BD
ENL-AS-AP Evolution Networks Limited, NZ
NEWSNET-AS-AP News and Entertainment Network Corp, PH
AIRAAIFUL-AS-AP Aira & Aiful Public Company Limited, TH
APDCPL-AS-AP Australian Pacific Data Centres Pty Ltd, AU
KML-AS-AP Karara Mining Limited, AU
FLASH-FIBRES-AS-AP Flash Fibres, AU
ONETOALL-AS-AP 1-TO-ALL COMPANY LIMITED, TH
SBT-AS-AP Solomon Telekom Co Ltd, SB
ENCOO-AS-AP Encoo Pty Ltd, AU
13457-WOLVERINE-POWER-SUPPLY - Wolverine Power Supply, US
EARTHCAM - EarthCam, Inc., US
MCKINSEY-AP-ASP McKinsey & Company, Australia, Sydney POP, AU
MCKINSEY-AP-APP McKinsey & Company, Australia, Perth POP, AU
IDNIC-JAG-AS-ID PT Jurnalindo Aksara Grafika, ID
EKADATA-AS-ID Ekadata Internet Service Provider, ID
IDIC-LIPPOMALLS-ID PT Lippo Malls Indonesia, ID
IDNIC-BANYUWANGIKAB-AS-ID Dinas Perhubungan, Komunikasi dan Informatika Kabupaten Banyuwangi, ID
CPLP-ASN - Centerbridge Partners, L.P., US
IDNIC-MAGETANKAB-AS-ID PEMERINTAH KABUPATEN MAGETAN, ID
IDNIC-VERITRANS-AS-ID PT Midtrans, ID
IDNIC-JD-AS-ID PT Jingdong Indonesia Pertama, ID
DELORA-AS-AP PT Delora Hosting Media, ID
PSC-AS-AP Port Stephens Council, AU
HILLSIDE-NEW-MEDIA-AS-AP Hillside (Australia New Media) Pty Ltd, AU
IPHLIMITED-AS-AP IPH Limited, Sydney, AU
KGIS-AS-AP KGI Securities (Thailand) Public Company Limited, TH
KSS-AS-AP Krungsri Securities Public Company Limited, TH
CRMA-AS-AP Chulachomklao Royal Military academy member of UniNet, TH
FASTWAYGLOBALLTD-AS-AP Fastway Global Limited, NZ
LAUNTEL-AS-AP Launtel, AU
RCC-AS-AP RoyalCable, PH
ULTIMATECOMMS-AS-AP ULTIMATE COMMUNICATION SOLUTIONS PTY. LTD., AU
FTSPL-AS-AP Flip TV Services Pty Ltd, AU
PIPEXNETWORK-BD Pipex Network, BD
ASN-ALNYLAM - Alnylam Pharmaceuticals, Inc., US
MAXSOLUTIONS-AS-AP MAXSolutions Pty Ltd, AU
EDMICLOUD-AS-AP EDMI NZ Limited, NZ
NORTHSYDNEYIT-AS-AP ADVANCED COMPUTING SOLUTIONS PTY LTD (T/A NORTH SYDNEY I.T), AU
NTTCT-AS-AP NTT Communications (Thailand) Co., Ltd. (Yangon Branch), MM
AGBCOM-AS-AP AGB Communication Co.Ltd, MM
WSPL-AS-AP Beam Internet, AU
SECUREBITSPTYLTD-AS-AP Secure Bits Pty Ltd, AU
COS-AS-AP Computer One Software Australia Pty Ltd, AU
MSU-2 - Montana State University, US
IRTRUST-AS-AP Illawarra Retirement Trust, AU
PARASATCABLETV-AS-AP Parasat Cable TV, Inc, PH
ACS-AS-AP AUSTRALIAN COMPUTER SOLUTIONS PTY LTD, AU
NAICCABLETVCORP-AS-AP Naic Cable TV Corp., PH
SKYVIEWONLINE-AS-AP Sky View Online, BD
ONSAVII-AS-AP GLOBE VALLEY PTY LTD T/A ONSAVII, AU
VIEWQWEST-AS-AP ViewQwest Sdn. Bhd., MY
SDCL-AS-AP Sky Digital Co., Ltd., TW
PTS-AS-AP Premier Technology Solutions Pty Ltd, AU
IHIPL-AS-AP IMS Health India Pvt Ltd, PH
SNL-HK Starry Network Limited, HK
MCCL-AS-AP Myanmar Country Co., Ltd., MM
ACCESS4-AS-AP ACCESS 4 PTY LTD, AU
WIAL-AS-AP Wellington International Airport Limited, NZ
RDC-AS-AP REDtone Data Centre Sdn. Bhd., MY
EPM Telecomunicaciones S.A. E.S.P., CO
BUCKEYECABLEVISION - Buckeye Cablevision, Inc., US
ALLCOMNETWORKS-AS-AP ALLCOM NETWORKS PTY LTD, AU
NTT DO BRASIL TELECOMUNICACOES LTDA., BR
PLAPCL-TH 9/9 @Sathorn Building 26 th Floor, South Sathorn Road, TH
SCVI-AS-AP Southern CableVision Inc., PH
INTERPHONEPTYLTD-AS-AP Interphone Pty Ltd, AU
NEXTGEN-AS-AP NextGen.Net Pty Ltd, AU
XTIMEINC-AS-AP Xtime Asia Pacific Pty Ltd, AU
GTL-AS-AP Gateway Teleport Ltd., NZ
WILSON-PARKING-AS-AP Wilson Parking Australia 1992 PTY LTD, AU
AAL-AS-AP Adelaide Airport Limited, AU
CROSSPOINT-AS-AP Crosspoint Telecom PTE. LTD., SG
REECE-AS-AP Reece Australia Pty LTD, AU
STEADSYS-MY Steadsys Sdn Bhd, MY
MANLYCOUNCIL-AS-AP Manly Council, AU
STTCONNECT-AS-AP STT Connect Pte. Ltd., SG
WILSON-PARKING-AS-AP Wilson Parking Australia 1992 PTY LTD, AU
ODT-AS-AP PT. Orion Data Teknologi, ID
TECHNOASIA-AS-AP Techno Asia InfoTech Pvt. ltd, BD
CVCPL-AS-AP Code Valley Corp Pty Ltd, AU
MICLUB-AS-AP MIENTERPRISE PTY LTD, AU
OISPL-AS-AP One IT Services Pty Ltd, AU
SANDATA-INC - SANDATA Technologies Inc., US
ACETEK-AS-AP Acetek Systems Pty Ltd, AU
TELAIRPTYLTD-AS-AP Telair Pty Ltd, AU
GRID-AS-AP Grid Technology Pty Ltd, AU
VHL-AS-AP VTX Holdings Limited, AU
CHOICEIT-AS-AP AROWANA PTY. LTD. T/A CHOICE IT, AU
UVM-EDU-AS - University of Vermont, US
IFLIX-AS-AP IFLIX Sdn. Bhd., MY
CHC-AS-AP Catholic Healthcare Ltd, AU
ZMS-AS-AP ZEARA MANAGED SERVICES PTY LTD, AU
CSAPL-AS-AP CLOUD SERVERS AUSTRALIA PTY LTD, AU
ESPL-AS-AP Enosys Solutions Pty Ltd, AU
MONROETEL-NOC - Monroe Telephone Co., US
PROSPA-AS-AP Prospa Advance Pty Ltd, AU
MILLAWAVE-AS-AP MILLAWAVE, PH
SSPL-AS-AP SYDNEY SUPERDOME PTY LTD, AU
OAS-AS-AP OAS COMPUTERS PTY LIMITED, AU
RMUTL-AS-AP Rajamangala University of Technology Lanna, TH
ENIGMA-AS-AP Enigma Solutions Limited, NZ
AHG-AU AUTOMOTIVE HOLDINGS GROUP LIMITED, AU
HILLSIDE-NEW-MEDIA-AS-AP Hillside (Australia New Media) Pty Ltd, AU
INTERMEDIA-AS-AP INTERMEDIA.NET AUSTRALIA PTY. LTD., AU
LOAPL-AS-AP Laing O_Rourke Australia Pty Ltd, AU
PUC PR CAMPUS CURITIBA, BR
ARROW-ELECTRONICS - Arrow Electronics, US
EVERLIGHTRADIOLOGY-AS-AP EVERLIGHT RADIOLOGY LIMITED, AU
FGSB-AS-AP Freshtel Group SDN BHD, MY
DCL-AS-AP Digital Connectivity Limited, BD
JAPL-AS-AP JBS Australia Pty Ltd, AU
MML-AS-AP Macquarie Media Limited, AU
QAL-AS-AP Queensland Airports Limited, AU
IPPAYMENTSPTYLTD-AS-AP IP Payments Pty Ltd, AU
DANA-HOLDING-CORPORATION - Dana Limited, US
IQ3PTYLTD-AS-AP iQ3 Pty Ltd., AU
GTMH-AS-AP Golden TMH Telecom Co. Ltd, MM
IMCLOUD-AS-AP IMCLOUD TECHNOLOGY COMPANY LIMITED, HK
BBIOPL-AS-AP BHP BILLITON IRON ORE PTY. LTD., AU
SKYNETBROADBAND-AS-AP Skynet Broadband Pty Ltd, AU
TTYS-AS-AP Talk To You Soon Pty Limited, AU
VOIPMONSTER-AS-AP VOIPMONSTER PTY LTD T/A SCOOTNET, AU
ADCDATACOM-AS-AP ADCDATA.COM, HK
PGL-AS-AP Pepper Group Limited, AU
TTL-AS-AP Transactor Technologies Limited, NZ
NEWMOUNTAINVIEW-PH NewMountainView Satellite Corporation, PH
CNCARENETWORKLTD-AS-AP CN CARE NETWORK LTD, HK
MYOB-AS-AP MYOB Australia Pty Ltd, AU
THETUBESPTYLTD-AS-AP TheTubes Pty Ltd, AU
TVC-AS1 - Tech Valley Communications, US
TMK-AS-AP PT Telematika Mitrakreasi, ID
FORTUNEINTERNATIONAL-AS-AP Fortune International Ltd., MM
EYEOTAPTELTD-SG Eyeota Pte Ltd, SG
TCC-AS-AP Today Communication Co.,Ltd, KH
VEBNEST-AS-AP VEBNEST solutions pvt ltd, PK
LTG-AS-AP LinkChina Telecom Global Limited., HK
KIWIVOIP-AS-AP Kiwi VoIP, NZ
TAFEQUEENSLAND-AS-AP TAFE Queensland, AU
TMHTTWTL-AS-AP WELINK, MM
TES-PL-AS-AP Trans World Enterprise Services (Private) Limited, PK
KBSPL-AS-AP Kacific Broadband Satellites Pte Ltd, SG
RACQ-AS-AP RACQ Operations Pty Ltd, AU
TIM-GNS-AS-AP Total Information Management Corporation, PH
CAZNET-AS-AP Caznet, AU
CITYOFCOOKEVILLE - City of Cookeville, US
ALINK-AS-AP ALINK NETWORK SERVICES, AU
IDNIC-SCM-AS-ID PT Sumber Cipta Multiniaga, ID
IDNIC-BUKALAPAK-AS-ID PT Bukalapak.com, ID
BIPNET-AS-ID PT. Broadband Indonesia Pratama, ID
IDNIC-KOMINFOTANGSEL-AS-ID DISKOMINFO TANGERANG SELATAN, ID
IDNIC-KUKM-AS-ID Kementerian Koperasi dan Usaha Kecil dan Menengah RI, ID
IDNIC-BOYOLALIKAB-AS-ID PEMERINTAH KABUPATEN BOYOLALI, ID
IDNIC-BPJSKETENAGAKERJAAN-AS-ID BPJS Ketenagakerjaan, ID
BTPN-AS-ID PT. Bank Tabungan Pensiunan Nasional Tbk, ID
IDNIC-AGTI-AS-ID PT. Arjuna Global Teknologi Indonesia, ID
IDNIC-PEMKOTKEDIRI-AS-ID PEMERINTAH KOTA KEDIRI, ID
KINETICIT-AS-AP Kinetic IT Pty. Ltd., AU
CITYNET-AZ - CityNet Arizona LLC, US
CCCCL-AS-AP CN Care Cyber Cloud Limited, HK
BTPL-AS-AP BIZ-LYNX Technology Pty Ltd, AU
ANTTEL-AS-AP Anttel Communications Group, AU
NOWIT-AS-AP Now IT Solutions Ply Ltd, AU
SATAC-AS-AP SATAC Incorporated, AU
MULTINET-IE-AS-AP Multinet Broadband, PK
KMHOLDINGSPTYLTD-AS-AP KM Holdings Pty Ltd, AU
EXPLOREONLINE-AS-AP Kazi Mohammad Shoabe T/A Explore Online, BD
MCRU-AS-AP Muban Chombueng Rajabhat University, TH
TAP-AS-AP Toshiba (Australia) Pty Ltd, AU
NWC-AS-AP NEW WORLD CATV, INC., PH
MCAMC-AS-AP Malaysian Communication and Multimedia Commission, MY
VISICENDERAWASIH-AS-AP Visi Cenderawasih Sdn. Bhd., MY
AEG-AS-AP AEG OGDEN PTY LTD, AU
ONIYN-AS-AP ONiYN Pty Ltd, AU
GEG-AS-AP GRAYS (NSW) PTY LTD, AU
DIT-AS-AP Muhammad Nasir t/a Dhaka Information Technology, BD
CCGL-AS-AP Credit Corp Group Limited, AU
S-TECH-AS-AP S-Tech Development Co., Ltd, LA
LOVULLOASN - LoVullo Associates, Inc., US
KCTSI-AS-AP Kabayan Cable Tv Systems Inc., PH
SOUTH32LIMITED-AS-AP South32 Limited, AU
MSI-AS-AP Sharmin Akter Shilpi t/a M/S. Saiba International, BD
WSCL-AS-AP Warp Speed Computers Limited, NZ
INFINIVAN-AS-AP Infinivan Incorporated, PH
INTELEMATICS-AS-AP Intelematics Australia Pty Limited, AU
MARRIOTT-TH-AS-AP Phuket Marriott Resort & Spa, Merlin Beach, TH
MINTECH-CSLOXINFO-AS-TH 69 Praksa, Maueng, Samukprakarn, TH
FXAPL-AS-AP Fuji Xerox Australia Pty Ltd, AU
SNPL-AS-AP Silverlining Networks Pty Ltd, AU
POPNIX-AS-AP POP-NIX.COM, TH
ATCLOUD-AS-AP Automated Technologies Inc, PH
URSYS-AS-AP URSYS PTY. LTD., AU
SCPL-AS-AP Superior Connections private limited, PK
DELOITTESERVICES-AS-AP 
